--SpringBoot 서버가 새로 시작할 때 이 파일의 쿼리들이 자동으로 실행됨
-- front 사용자 추가
DELETE FROM USER_AUTHORITY;
DELETE FROM AUTHORITY;
DELETE FROM USERS;

--front 사용자 추가
INSERT INTO USERS (USER_INDEX, LOGIN_ID, PASSWORD, USERNAME, NICKNAME, ADDRESS, ADDRESS_DETAIL, PHONE, DOR_YN, DEL_YN, JOIN_DATE, BLOCK_YN, BLOCK_DATE, LAST_LOGIN_DATE, THUMBNAIL_IDX, ACTIVATED) VALUES (99, 'admin@naver.com', '$2a$08$lDnHPz7eUkSi6ao14Twuau08mzhWrL4kyZGGU5xfiGALO/Vxd5DOi', 'admin', 'admin', 'admin', 'admin', '01080808080', 'N', 'N', {ts '2023-01-01 00:00:00'}, 'N', {ts '2023-01-01 00:00:00'}, {ts '2023-01-01 00:00:00'}, 1, 1);
INSERT INTO USERS (USER_INDEX, LOGIN_ID, PASSWORD, USERNAME, NICKNAME, ADDRESS, ADDRESS_DETAIL, PHONE, DOR_YN, DEL_YN, JOIN_DATE, BLOCK_YN, BLOCK_DATE, LAST_LOGIN_DATE, THUMBNAIL_IDX, ACTIVATED) VALUES (100, 'jun950617@naver.com', '$2a$08$lDnHPz7eUkSi6ao14Twuau08mzhWrL4kyZGGU5xfiGALO/Vxd5DOi', 'lhj', 'lhj', 'lhj', 'lhj', '01080808080', 'N', 'N', {ts '2023-01-01 00:00:00'}, 'N', {ts '2023-01-01 00:00:00'}, {ts '2023-01-01 00:00:00'}, 2, 1);

INSERT INTO AUTHORITY (AUTHORITY_NAME) values ('ROLE_USER');
INSERT INTO AUTHORITY (AUTHORITY_NAME) values ('ROLE_ADMIN');

INSERT INTO USER_AUTHORITY (USER_INDEX, AUTHORITY_NAME) values (99, 'ROLE_USER');
INSERT INTO USER_AUTHORITY (USER_INDEX, AUTHORITY_NAME) values (99, 'ROLE_ADMIN');
INSERT INTO USER_AUTHORITY (USER_INDEX, AUTHORITY_NAME) values (100, 'ROLE_USER');
INSERT INTO USER_AUTHORITY (USER_INDEX, AUTHORITY_NAME) values (100, 'ROLE_ADMIN');

-- admin 사용자 추가
DELETE FROM ADMIN_USER_AUTHORITY;
DELETE FROM ADMIN_AUTHORITY;
DELETE FROM ADMIN_USERS;

INSERT INTO ADMIN_USERS (USER_INDEX, USERID, PASSWORD, USERNAME, NICKNAME, ACTIVATED, DEL_YN, CREATED_DATE, MODIFIED_DATE) VALUES (0, 'admin', '$2a$08$lDnHPz7eUkSi6ao14Twuau08mzhWrL4kyZGGU5xfiGALO/Vxd5DOi', 'admin', 'admin', 1, 'N', {ts '2023-06-16 22:44:48'}, {ts '2023-06-16 22:44:48'});

INSERT INTO ADMIN_AUTHORITY (AUTHORITY_NAME) values ('ROLE_USER');
INSERT INTO ADMIN_AUTHORITY (AUTHORITY_NAME) values ('ROLE_ADMIN');

INSERT INTO ADMIN_USER_AUTHORITY (USER_INDEX, AUTHORITY_NAME) values (0, 'ROLE_USER');
INSERT INTO ADMIN_USER_AUTHORITY (USER_INDEX, AUTHORITY_NAME) values (0, 'ROLE_ADMIN');